nome, loja
Sophia, 1
Isadora, 1
Yasmin, 1
Letícia, 1
Ana Beatriz, 1
Lara, 1
Júlia, 2
Gabriela, 2
Bruna, 2
Rafaela, 2
Agnes, 2
Rebeca, 2
Anabela, 2
Iara, 2
Analice, 3
Estela, 3
Sabrina, 3
Alessandra, 3
Dulce, 3
Davi, 3
Rafael, 3
Enzo, 4
Theo, 4
Gustavo, 4
Murilo, 4
Eduardo, 4
Benjamin, 4
João, 4
Caio, 4
Benício, 4
Enzo Gabriel, 4
Bernardo, 4
Miguel, 4
Bryan, 4
Benjamim, 5
Henrique, 5
João, 5
Tomás, 5
Levi, 6
Kevin, 6
Diego, 6
Octávio, 6
Álvaro, 7
Frederico, 7
Pablo, 7
Fábio, 7
Fabrício, 8
Muriel, 8
Alexander, 8
Cristiano, 8
